lookup_subcounty,lookup_ward,county_corrected
Changamwe,Port Reitz,Mombasa
Changamwe,Kipevu,Mombasa
Changamwe,Airport,Mombasa
Changamwe,Changamwe,Mombasa
Changamwe,Chaani,Mombasa
Jomvu,Jomvu Kuu,Mombasa
Jomvu,Miritini,Mombasa
Jomvu,Mikindani,Mombasa
Kisauni,Mjambere,Mombasa
Kisauni,Junda,Mombasa
Kisauni,Bamburi,Mombasa
Kisauni,Mwakirunge,Mombasa
Kisauni,Mtopanga,Mombasa
Kisauni,Magogoni,Mombasa
Kisauni,Shanzu,Mombasa
Nyali,Frere Town,Mombasa
Nyali,Ziwa La NgOmbe,Mombasa
Nyali,Mkomani,Mombasa
Nyali,Kongowea,Mombasa
Nyali,Kadzandani,Mombasa
Likoni,Mtongwe,Mombasa
Likoni,Shika Adabu,Mombasa
Likoni,Bofu,Mombasa
Likoni,Likoni,Mombasa
Likoni,Timbwani,Mombasa
Mvita,Mji Wa Kale/Makadara,Mombasa
Mvita,Tudor,Mombasa
Mvita,Tononoka,Mombasa
Mvita,Shimanzi/Ganjoni,Mombasa
Mvita,Majengo,Mombasa
Msambweni,Gombatobongwe,Kwale
Msambweni,Ukunda,Kwale
Msambweni,Kinondo,Kwale
Msambweni,Ramisi,Kwale
Lungalunga,Pongwekikoneni,Kwale
Lungalunga,Dzombo,Kwale
Lungalunga,Mwereni,Kwale
Lungalunga,Vanga,Kwale
Matuga,Tsimba Golini,Kwale
Matuga,Waa,Kwale
Matuga,Tiwi,Kwale
Matuga,Kubo South,Kwale
Matuga,Mkongani,Kwale
Kinango,Nadavaya,Kwale
Kinango,Puma,Kwale
Kinango,Kinango,Kwale
Kinango,Mackinnon Road,Kwale
Kinango,Chengoni/Samburu,Kwale
Kinango,Mwavumbo,Kwale
Kinango,Kasemeni,Kwale
Kilifi North,Tezo,Kilifi
Kilifi North,Sokoni,Kilifi
Kilifi North,Kibarani,Kilifi
Kilifi North,Dabaso,Kilifi
Kilifi North,Matsangoni,Kilifi
Kilifi North,Watamu,Kilifi
Kilifi North,Mnarani,Kilifi
Kilifi South,Junju,Kilifi
Kilifi South,Mwarakaya,Kilifi
Kilifi South,Shimo La Tewa,Kilifi
Kilifi South,Chasimba,Kilifi
Kilifi South,Mtepeni,Kilifi
Kaloleni,Mariakani,Kilifi
Kaloleni,Kayafungo,Kilifi
Kaloleni,Kaloleni,Kilifi
Kaloleni,Mwanamwinga,Kilifi
Rabai,Mwawesa,Kilifi
Rabai,Ruruma,Kilifi
Rabai,Kambe/Ribe,Kilifi
Rabai,Rabai/Kisurutini,Kilifi
Ganze,Ganze,Kilifi
Ganze,Bamba,Kilifi
Ganze,Jaribuni,Kilifi
Ganze,Sokoke,Kilifi
Malindi,Jilore,Kilifi
Malindi,Kakuyuni,Kilifi
Malindi,Ganda,Kilifi
Malindi,Malindi Town,Kilifi
Malindi,Shella,Kilifi
Magarini,Marafa,Kilifi
Magarini,Magarini,Kilifi
Magarini,Gongoni,Kilifi
Magarini,Adu,Kilifi
Magarini,Garashi,Kilifi
Magarini,Sabaki,Kilifi
Garsen,Kipini East,Tana River
Garsen,Garsen South,Tana River
Garsen,Kipini West,Tana River
Garsen,Garsen Central,Tana River
Garsen,Garsen West,Tana River
Garsen,Garsen North,Tana River
Galole,Kinakomba,Tana River
Galole,Mikinduni,Tana River
Galole,Chewani,Tana River
Galole,Wayu,Tana River
Bura,Chewele,Tana River
Bura,Bura,Tana River
Bura,Bangale,Tana River
Bura,Sala,Tana River
Bura,Madogo,Tana River
Lamu East,Faza,Lamu
Lamu East,Kiunga,Lamu
Lamu East,Basuba,Lamu
Lamu West,Shella,Lamu
Lamu West,Mkomani,Lamu
Lamu West,Hindi,Lamu
Lamu West,Mkunumbi,Lamu
Lamu West,Hongwe,Lamu
Lamu West,Witu,Lamu
Lamu West,Bahari,Lamu
Taveta,Chala,Taita Taveta
Taveta,Mahoo,Taita Taveta
Taveta,Bomeni,Taita Taveta
Taveta,Mboghoni,Taita Taveta
Taveta,Mata,Taita Taveta
Wundanyi,Wundanyi/Mbale,Taita Taveta
Wundanyi,Werugha,Taita Taveta
Wundanyi,Wumingu/Kishushe,Taita Taveta
Wundanyi,Mwanda/Mgange,Taita Taveta
Mwatate,RongE,Taita Taveta
Mwatate,Mwatate,Taita Taveta
Mwatate,Bura,Taita Taveta
Mwatate,Chawia,Taita Taveta
Mwatate,Wusi/Kishamba,Taita Taveta
Voi,Mbololo,Taita Taveta
Voi,Sagalla,Taita Taveta
Voi,Kaloleni,Taita Taveta
Voi,Marungu,Taita Taveta
Voi,Kasigau,Taita Taveta
Voi,Ngolia,Taita Taveta
Garissa Township,Waberi,Garissa
Garissa Township,Galbet,Garissa
Garissa Township,Township,Garissa
Garissa Township,Iftin,Garissa
Balambala,Balambala,Garissa
Balambala,Danyere,Garissa
Balambala,Jara Jara,Garissa
Balambala,Saka,Garissa
Balambala,Sankuri,Garissa
Lagdera,Modogashe,Garissa
Lagdera,Benane,Garissa
Lagdera,Goreale,Garissa
Lagdera,Maalimin,Garissa
Lagdera,Sabena,Garissa
Lagdera,Baraki,Garissa
Dadaab,Dertu,Garissa
Dadaab,Dadaab,Garissa
Dadaab,Labasigale,Garissa
Dadaab,Damajale,Garissa
Dadaab,Liboi,Garissa
Dadaab,Abakaile,Garissa
Fafi,Bura,Garissa
Fafi,Dekaharia,Garissa
Fafi,Jarajila,Garissa
Fafi,Fafi,Garissa
Fafi,Nanighi,Garissa
Ijara,Hulugho,Garissa
Ijara,Sangailu,Garissa
Ijara,Ijara,Garissa
Ijara,Masalani,Garissa
Wajir North,Gurar,Wajir
Wajir North,Bute,Wajir
Wajir North,Korondile,Wajir
Wajir North,Malkagufu,Wajir
Wajir North,Batalu,Wajir
Wajir North,Danaba,Wajir
Wajir North,Godoma,Wajir
Wajir East,Wagberi,Wajir
Wajir East,Township,Wajir
Wajir East,Barwago,Wajir
Wajir East,Khorof/Harar,Wajir
Tarbaj,Elben,Wajir
Tarbaj,Sarman,Wajir
Tarbaj,Tarbaj,Wajir
Tarbaj,Wargadud,Wajir
Wajir West,Arbajahan,Wajir
Wajir West,Hadado/Athibohol,Wajir
Wajir West,Ademasajide,Wajir
Wajir West,Wagalla/Ganyure,Wajir
Eldas,Eldas,Wajir
Eldas,Della,Wajir
Eldas,Lakoley South/Basir,Wajir
Eldas,Elnur/Tula Tula,Wajir
Wajir South,Benane,Wajir
Wajir South,Burder,Wajir
Wajir South,Dadaja Bulla,Wajir
Wajir South,Habasswein,Wajir
Wajir South,Lagboghol South,Wajir
Wajir South,Ibrahim Ure,Wajir
Wajir South,Diif,Wajir
Mandera West,Takaba South,Mandera
Mandera West,Takaba,Mandera
Mandera West,Lag Sure,Mandera
Mandera West,Dandu,Mandera
Mandera West,Gither,Mandera
Banissa,Banissa,Mandera
Banissa,Derkhale,Mandera
Banissa,Guba,Mandera
Banissa,Malkamari,Mandera
Banissa,Kiliwehiri,Mandera
Mandera North,Ashabito,Mandera
Mandera North,Guticha,Mandera
Mandera North,Morothile,Mandera
Mandera North,Rhamu,Mandera
Mandera North,Rhamu Dimtu,Mandera
Mandera South,Wargudud,Mandera
Mandera South,Kutulo,Mandera
Mandera South,Elwak South,Mandera
Mandera South,Elwak North,Mandera
Mandera South,Shimbir Fatuma,Mandera
Mandera East,Arabia,Mandera
Mandera East,Bulla Mpya,Mandera
Mandera East,Khalalio,Mandera
Mandera East,Neboi,Mandera
Mandera East,Township,Mandera
Lafey,Libehia,Mandera
Lafey,Fino,Mandera
Lafey,Lafey,Mandera
Lafey,Warankara,Mandera
Lafey,Alungo Gof,Mandera
Moyale,Butiye,Marsabit
Moyale,Sololo,Marsabit
Moyale,Heilu Manyatta,Marsabit
Moyale,Golbo,Marsabit
Moyale,Moyale Township,Marsabit
Moyale,Uran,Marsabit
Moyale,Obbu,Marsabit
North Horr,Illeret,Marsabit
North Horr,North Horr,Marsabit
North Horr,Dukana,Marsabit
North Horr,Maikona,Marsabit
North Horr,Turbi,Marsabit
Saku,Sagante/Jaldesa,Marsabit
Saku,Karare,Marsabit
Saku,Marsabit Central,Marsabit
Laisamis,Loiyangalani,Marsabit
Laisamis,Kargi/South Horr,Marsabit
Laisamis,Korr/Ngurunit,Marsabit
Laisamis,Log Logo,Marsabit
Laisamis,Laisamis,Marsabit
Isiolo North,Wabera,Isiolo
Isiolo North,Bulla Pesa,Isiolo
Isiolo North,Chari,Isiolo
Isiolo North,Cherab,Isiolo
Isiolo North,Ngare Mara,Isiolo
Isiolo North,Burat,Isiolo
Isiolo North,Oldonyiro,Isiolo
Isiolo South,Garbatulla,Isiolo
Isiolo South,Kinna,Isiolo
Isiolo South,Sericho,Isiolo
Igembe South,Maua,Meru
Igembe South,Kiegoi/Antubochiu,Meru
Igembe South,Athiru Gaiti,Meru
Igembe South,Akachiu,Meru
Igembe South,Kanuni,Meru
Igembe Central,AkirangOndu,Meru
Igembe Central,Athiru Ruujine,Meru
Igembe Central,Igembe East,Meru
Igembe Central,Njia,Meru
Igembe Central,Kangeta,Meru
Igembe North,Antuambui,Meru
Igembe North,Ntunene,Meru
Igembe North,Antubetwe Kiongo,Meru
Igembe North,Naathu,Meru
Igembe North,Amwathi,Meru
Tigania West,Athwana,Meru
Tigania West,Akithii,Meru
Tigania West,Kianjai,Meru
Tigania West,Nkomo,Meru
Tigania West,Mbeu,Meru
Tigania East,Thangatha,Meru
Tigania East,Mikinduri,Meru
Tigania East,Kiguchwa,Meru
Tigania East,Muthara,Meru
Tigania East,Karama,Meru
North Imenti,Municipality,Meru
North Imenti,Ntima East,Meru
North Imenti,Ntima West,Meru
North Imenti,Nyaki West,Meru
North Imenti,Nyaki East,Meru
Buuri,Timau,Meru
Buuri,Kisima,Meru
Buuri,Kiirua/Naari,Meru
Buuri,Ruiri/Rwarera,Meru
Buuri,Kibirichia,Meru
Central Imenti,Mwanganthia,Meru
Central Imenti,Abothuguchi Central,Meru
Central Imenti,Abothuguchi West,Meru
Central Imenti,Kiagu,Meru
South Imenti,Mitunguu,Meru
South Imenti,Igoji East,Meru
South Imenti,Igoji West,Meru
South Imenti,Abogeta East,Meru
South Imenti,Abogeta West,Meru
South Imenti,Nkuene,Meru
Maara,Mitheru,Tharaka-Nithi
Maara,Muthambi,Tharaka-Nithi
Maara,Mwimbi,Tharaka-Nithi
Maara,Ganga,Tharaka-Nithi
Maara,Chogoria,Tharaka-Nithi
Chuka/IgambangOm,Mariani,Tharaka-Nithi
Chuka/IgambangOm,Karingani,Tharaka-Nithi
Chuka/IgambangOm,Magumoni,Tharaka-Nithi
Chuka/IgambangOm,Mugwe,Tharaka-Nithi
Chuka/IgambangOm,IgambangOmbe,Tharaka-Nithi
Tharaka,Gatunga,Tharaka-Nithi
Tharaka,Mukothima,Tharaka-Nithi
Tharaka,Nkondi,Tharaka-Nithi
Tharaka,Chiakariga,Tharaka-Nithi
Tharaka,Marimanti,Tharaka-Nithi
Manyatta,Ruguru/Ngandori,Embu
Manyatta,Kithimu,Embu
Manyatta,Nginda,Embu
Manyatta,Mbeti North,Embu
Manyatta,Kirimari,Embu
Manyatta,Gaturi South,Embu
Runyenjes,Gaturi North,Embu
Runyenjes,Kagaari South,Embu
Runyenjes,Central Ward,Embu
Runyenjes,Kagaari North,Embu
Runyenjes,Kyeni North,Embu
Runyenjes,Kyeni South,Embu
Mbeere South,Mwea,Embu
Mbeere South,Makima,Embu
Mbeere South,Mbeti South,Embu
Mbeere South,Mavuria,Embu
Mbeere South,Kiambere,Embu
Mbeere North,Nthawa,Embu
Mbeere North,Muminji,Embu
Mbeere North,Evurore,Embu
Mwingi North,Ngomeni,Kitui
Mwingi North,Kyuso,Kitui
Mwingi North,Mumoni,Kitui
Mwingi North,Tseikuru,Kitui
Mwingi North,Tharaka,Kitui
Mwingi West,Kyome/Thaana,Kitui
Mwingi West,Nguutani,Kitui
Mwingi West,Migwani,Kitui
Mwingi West,Kiomo/Kyethani,Kitui
Mwingi Central,Central,Kitui
Mwingi Central,Kivou,Kitui
Mwingi Central,Nguni,Kitui
Mwingi Central,Nuu,Kitui
Mwingi Central,Mui,Kitui
Mwingi Central,Waita,Kitui
Kitui West,Mutonguni,Kitui
Kitui West,Kauwi,Kitui
Kitui West,Matinyani,Kitui
Kitui West,Kwa Mutonga/Kithumula,Kitui
Kitui Rural,Kisasi,Kitui
Kitui Rural,Mbitini,Kitui
Kitui Rural,Kwavonza/Yatta,Kitui
Kitui Rural,Kanyangi,Kitui
Kitui Central,Miambani,Kitui
Kitui Central,Township,Kitui
Kitui Central,Kyangwithya West,Kitui
Kitui Central,Mulango,Kitui
Kitui Central,Kyangwithya East,Kitui
Kitui East,Zombe/Mwitika,Kitui
Kitui East,Chuluni,Kitui
Kitui East,Nzambani,Kitui
Kitui East,Voo/Kyamatu,Kitui
Kitui East,Endau/Malalani,Kitui
Kitui East,Mutito/Kaliku,Kitui
Kitui South,Ikanga/Kyatune,Kitui
Kitui South,Mutomo,Kitui
Kitui South,Mutha,Kitui
Kitui South,Ikutha,Kitui
Kitui South,Kanziko,Kitui
Kitui South,Athi,Kitui
Masinga,Kivaa,Machakos
Masinga,Masinga Central,Machakos
Masinga,Ekalakala,Machakos
Masinga,Muthesya,Machakos
Masinga,Ndithini,Machakos
Yatta,Ndalani,Machakos
Yatta,Matuu,Machakos
Yatta,Kithimani,Machakos
Yatta,Ikombe,Machakos
Yatta,Katangi,Machakos
Kangundo,Kangundo North,Machakos
Kangundo,Kangundo Central,Machakos
Kangundo,Kangundo East,Machakos
Kangundo,Kangundo West,Machakos
Matungulu,Tala,Machakos
Matungulu,Matungulu North,Machakos
Matungulu,Matungulu East,Machakos
Matungulu,Matungulu West,Machakos
Matungulu,Kyeleni,Machakos
Kathiani,Mitaboni,Machakos
Kathiani,Kathiani Central,Machakos
Kathiani,Upper Kaewa/Iveti,Machakos
Kathiani,Lower Kaewa/Kaani,Machakos
Mavoko,Athi River,Machakos
Mavoko,Kinanie,Machakos
Mavoko,Muthwani,Machakos
Mavoko,Syokimau/Mulolongo,Machakos
Machakos Town,Kalama,Machakos
Machakos Town,Mua,Machakos
Machakos Town,Mutituni,Machakos
Machakos Town,Machakos Central,Machakos
Machakos Town,Mumbuni North,Machakos
Machakos Town,Muvuti/Kiima Kimwe,Machakos
Machakos Town,Kola,Machakos
Mwala,Mbiuni,Machakos
Mwala,Makutano/ Mwala,Machakos
Mwala,Masii,Machakos
Mwala,Muthetheni,Machakos
Mwala,Wamunyu,Machakos
Mwala,Kibauni,Machakos
Mbooni,Tulimani,Makueni
Mbooni,Mbooni,Makueni
Mbooni,Kithungo/Kitundu,Makueni
Mbooni,Kisau/Kiteta,Makueni
Mbooni,Waia/Kako,Makueni
Mbooni,Kalawa,Makueni
Kilome,Kasikeu,Makueni
Kilome,Mukaa,Makueni
Kilome,Kiima Kiu/Kalanzoni,Makueni
Kaiti,Ukia,Makueni
Kaiti,Kee,Makueni
Kaiti,Kilungu,Makueni
Kaiti,Ilima,Makueni
Makueni,Wote,Makueni
Makueni,Muvau/Kikuumini,Makueni
Makueni,Mavindini,Makueni
Makueni,Kitise/Kithuki,Makueni
Makueni,Kathonzweni,Makueni
Makueni,Nzaui/Kilili/Kalamba,Makueni
Makueni,Mbitini,Makueni
Kibwezi West,Makindu,Makueni
Kibwezi West,Nguumo,Makueni
Kibwezi West,Kikumbulyu North,Makueni
Kibwezi West,Kikumbulyu South,Makueni
Kibwezi West,Nguu/Masumba,Makueni
Kibwezi West,Emali/Mulala,Makueni
Kibwezi East,Masongaleni,Makueni
Kibwezi East,Mtito Andei,Makueni
Kibwezi East,Thange,Makueni
Kibwezi East,Ivingoni/Nzambani,Makueni
Kinangop,Engineer,Nyandarua
Kinangop,Gathara,Nyandarua
Kinangop,North Kinangop,Nyandarua
Kinangop,Murungaru,Nyandarua
Kinangop,Njabini\Kiburu,Nyandarua
Kinangop,Nyakio,Nyandarua
Kinangop,Githabai,Nyandarua
Kinangop,Magumu,Nyandarua
Kipipiri,Wanjohi,Nyandarua
Kipipiri,Kipipiri,Nyandarua
Kipipiri,Geta,Nyandarua
Kipipiri,Githioro,Nyandarua
Ol Kalou,Karau,Nyandarua
Ol Kalou,Kanjuiri Ridge,Nyandarua
Ol Kalou,Mirangine,Nyandarua
Ol Kalou,Kaimbaga,Nyandarua
Ol Kalou,Rurii,Nyandarua
Ol Jorok,Gathanji,Nyandarua
Ol Jorok,Gatimu,Nyandarua
Ol Jorok,Weru,Nyandarua
Ol Jorok,Charagita,Nyandarua
Ndaragwa,Leshau Pondo,Nyandarua
Ndaragwa,Kiriita,Nyandarua
Ndaragwa,Central,Nyandarua
Ndaragwa,Shamata,Nyandarua
Tetu,Dedan Kimanthi,Nyeri
Tetu,Wamagana,Nyeri
Tetu,Aguthi/Gaaki,Nyeri
Kieni,Mweiga,Nyeri
Kieni,Naromoru Kiamathaga,Nyeri
Kieni,Mwiyogo/Endarasha,Nyeri
Kieni,Mugunda,Nyeri
Kieni,Gatarakwa,Nyeri
Kieni,Thegu River,Nyeri
Kieni,Kabaru,Nyeri
Kieni,Gakawa,Nyeri
Mathira,Ruguru,Nyeri
Mathira,Magutu,Nyeri
Mathira,Iriaini,Nyeri
Mathira,Konyu,Nyeri
Mathira,Kirimukuyu,Nyeri
Mathira,Karatina Town,Nyeri
Othaya,Mahiga,Nyeri
Othaya,Iria Ini,Nyeri
Othaya,Chinga,Nyeri
Othaya,Karima,Nyeri
Mukurweini,Gikondi,Nyeri
Mukurweini,Rugi,Nyeri
Mukurweini,Mukurwe Ini West,Nyeri
Mukurweini,Mukurwe Ini Central,Nyeri
Nyeri Town,Kiganjo/Mathari,Nyeri
Nyeri Town,Rware,Nyeri
Nyeri Town,Gatitu/Muruguru,Nyeri
Nyeri Town,Ruringu,Nyeri
Nyeri Town,Kamakwa/Mukaro,Nyeri
Mwea,Mutithi,Kirinyaga
Mwea,Kangai,Kirinyaga
Mwea,Thiba,Kirinyaga
Mwea,Wamumu,Kirinyaga
Mwea,Nyangati,Kirinyaga
Mwea,Murinduko,Kirinyaga
Mwea,Gathigiriri,Kirinyaga
Mwea,Tebere,Kirinyaga
Gichugu,Kabare,Kirinyaga
Gichugu,Baragwi,Kirinyaga
Gichugu,Njukiini,Kirinyaga
Gichugu,Ngariama,Kirinyaga
Gichugu,Karumandi,Kirinyaga
Ndia,Mukure,Kirinyaga
Ndia,Kiine,Kirinyaga
Ndia,Kariti,Kirinyaga
Kirinyaga Central,Mutira,Kirinyaga
Kirinyaga Central,Kanyeki Ini,Kirinyaga
Kirinyaga Central,Kerugoya,Kirinyaga
Kirinyaga Central,Inoi,Kirinyaga
Kangema,Kanyenyaini,MurangA
Kangema,Muguru,MurangA
Kangema,Rwathia,MurangA
Mathioya,Gitugi,MurangA
Mathioya,Kiru,MurangA
Mathioya,Kamacharia,MurangA
Kiharu,Wangu,MurangA
Kiharu,Mugoiri,MurangA
Kiharu,Mbiri,MurangA
Kiharu,Township,MurangA
Kiharu,Murarandia,MurangA
Kiharu,Gaturi,MurangA
Kigumo,Kahumbu,MurangA
Kigumo,Muthithi,MurangA
Kigumo,Kigumo,MurangA
Kigumo,Kangari,MurangA
Kigumo,Kinyona,MurangA
Maragwa,Kimorori/Wempa,MurangA
Maragwa,Makuyu,MurangA
Maragwa,Kambiti,MurangA
Maragwa,Kamahuha,MurangA
Maragwa,Ichagaki,MurangA
Maragwa,Nginda,MurangA
Kandara,NgAraria,MurangA
Kandara,Muruka,MurangA
Kandara,Kagundu Ini,MurangA
Kandara,Gaichanjiru,MurangA
Kandara,Ithiru,MurangA
Kandara,Ruchu,MurangA
Gatanga,Ithanga,MurangA
Gatanga,Kakuzi/Mitubiri,MurangA
Gatanga,Mugumo Ini,MurangA
Gatanga,Kihumbu Ini,MurangA
Gatanga,Gatanga,MurangA
Gatanga,Kariara,MurangA
Gatundu South,Kiamwangi,Kiambu
Gatundu South,Kiganjo,Kiambu
Gatundu South,Ndarugu,Kiambu
Gatundu South,Ngenda,Kiambu
Gatundu North,Gituamba,Kiambu
Gatundu North,Githobokoni,Kiambu
Gatundu North,Chania,Kiambu
Gatundu North,MangU,Kiambu
Juja,Murera,Kiambu
Juja,Theta,Kiambu
Juja,Juja,Kiambu
Juja,Witeithie,Kiambu
Juja,Kalimoni,Kiambu
Thika Town,Township,Kiambu
Thika Town,Kamenu,Kiambu
Thika Town,Hospital,Kiambu
Thika Town,Gatuanyaga,Kiambu
Thika Town,Ngoliba,Kiambu
Ruiru,Gitothua,Kiambu
Ruiru,Biashara,Kiambu
Ruiru,Gatongora,Kiambu
Ruiru,Kahawa Sukari,Kiambu
Ruiru,Kahawa Wendani,Kiambu
Ruiru,Kiuu,Kiambu
Ruiru,Mwiki,Kiambu
Ruiru,Mwihoko,Kiambu
Githunguri,Githunguri,Kiambu
Githunguri,Githiga,Kiambu
Githunguri,Ikinu,Kiambu
Githunguri,Ngewa,Kiambu
Githunguri,Komothai,Kiambu
Kiambu,TingAngA,Kiambu
Kiambu,Ndumberi,Kiambu
Kiambu,Riabai,Kiambu
Kiambu,Township,Kiambu
Kiambaa,Cianda,Kiambu
Kiambaa,Karuri,Kiambu
Kiambaa,Ndenderu,Kiambu
Kiambaa,Muchatha,Kiambu
Kiambaa,Kihara,Kiambu
Kabete,Gitaru,Kiambu
Kabete,Muguga,Kiambu
Kabete,Nyadhuna,Kiambu
Kabete,Kabete,Kiambu
Kabete,Uthiru,Kiambu
Kikuyu,Karai,Kiambu
Kikuyu,Nachu,Kiambu
Kikuyu,Sigona,Kiambu
Kikuyu,Kikuyu,Kiambu
Kikuyu,Kinoo,Kiambu
Limuru,Bibirioni,Kiambu
Limuru,Limuru Central,Kiambu
Limuru,Ndeiya,Kiambu
Limuru,Limuru East,Kiambu
Limuru,Ngecha Tigoni,Kiambu
Lari,Kinale,Kiambu
Lari,Kijabe,Kiambu
Lari,Nyanduma,Kiambu
Lari,Kamburu,Kiambu
Lari,Lari/Kirenga,Kiambu
Turkana North,Kaeris,Turkana
Turkana North,Lake Zone,Turkana
Turkana North,Lapur,Turkana
Turkana North,Kaaleng/Kaikor,Turkana
Turkana North,Kibish,Turkana
Turkana North,Nakalale,Turkana
Turkana West,Kakuma,Turkana
Turkana West,Lopur,Turkana
Turkana West,Letea,Turkana
Turkana West,Songot,Turkana
Turkana West,Kalobeyei,Turkana
Turkana West,Lokichoggio,Turkana
Turkana West,Nanaam,Turkana
Turkana Central,Kerio Delta,Turkana
Turkana Central,KangAtotha,Turkana
Turkana Central,Kalokol,Turkana
Turkana Central,Lodwar Township,Turkana
Turkana Central,Kanamkemer,Turkana
Loima,Kotaruk/Lobei,Turkana
Loima,Turkwel,Turkana
Loima,Loima,Turkana
Loima,Lokiriama/Lorengippi,Turkana
Turkana South,Kaputir,Turkana
Turkana South,Katilu,Turkana
Turkana South,Lobokat,Turkana
Turkana South,Kalapata,Turkana
Turkana South,Lokichar,Turkana
Turkana East,Kapedo/Napeitom,Turkana
Turkana East,Katilia,Turkana
Turkana East,Lokori/Kochodin,Turkana
Kapenguria,Riwo,West Pokot
Kapenguria,Kapenguria,West Pokot
Kapenguria,Mnagei,West Pokot
Kapenguria,Siyoi,West Pokot
Kapenguria,Endugh,West Pokot
Kapenguria,Sook,West Pokot
Sigor,Sekerr,West Pokot
Sigor,Masool,West Pokot
Sigor,Lomut,West Pokot
Sigor,Weiwei,West Pokot
Kacheliba,Suam,West Pokot
Kacheliba,Kodich,West Pokot
Kacheliba,Kapckok,West Pokot
Kacheliba,Kasei,West Pokot
Kacheliba,Kiwawa,West Pokot
Kacheliba,Alale,West Pokot
Pokot South,Chepareria,West Pokot
Pokot South,Batei,West Pokot
Pokot South,Lelan,West Pokot
Pokot South,Tapach,West Pokot
Samburu West,Lodokejek,Samburu
Samburu West,Suguta Marmar,Samburu
Samburu West,Maralal,Samburu
Samburu West,Loosuk,Samburu
Samburu West,Poro,Samburu
Samburu North,El Barta,Samburu
Samburu North,Nachola,Samburu
Samburu North,Ndoto,Samburu
Samburu North,Nyiro,Samburu
Samburu North,Angata Nanyokie,Samburu
Samburu North,Baawa,Samburu
Samburu East,Waso,Samburu
Samburu East,Wamba West,Samburu
Samburu East,Wamba East,Samburu
Samburu East,Wamba North,Samburu
Kwanza,Kapomboi,Trans Nzoia
Kwanza,Kwanza,Trans Nzoia
Kwanza,Keiyo,Trans Nzoia
Kwanza,Bidii,Trans Nzoia
Endebess,Chepchoina,Trans Nzoia
Endebess,Endebess,Trans Nzoia
Endebess,Matumbei,Trans Nzoia
Saboti,Kinyoro,Trans Nzoia
Saboti,Matisi,Trans Nzoia
Saboti,Tuwani,Trans Nzoia
Saboti,Saboti,Trans Nzoia
Saboti,Machewa,Trans Nzoia
Kiminini,Kiminini,Trans Nzoia
Kiminini,Waitaluk,Trans Nzoia
Kiminini,Sirende,Trans Nzoia
Kiminini,Hospital,Trans Nzoia
Kiminini,Sikhendu,Trans Nzoia
Kiminini,Nabiswa,Trans Nzoia
Cherangany,Sinyerere,Trans Nzoia
Cherangany,Makutano,Trans Nzoia
Cherangany,Kaplamai,Trans Nzoia
Cherangany,Motosiet,Trans Nzoia
Cherangany,Cherangany/Suwerwa,Trans Nzoia
Cherangany,Chepsiro/Kiptoror,Trans Nzoia
Cherangany,Sitatunga,Trans Nzoia
Soy,MoiS Bridge,Uasin Gishu
Soy,Kapkures,Uasin Gishu
Soy,Ziwa,Uasin Gishu
Soy,Segero/Barsombe,Uasin Gishu
Soy,Kipsomba,Uasin Gishu
Soy,Soy,Uasin Gishu
Soy,Kuinet/Kapsuswa,Uasin Gishu
Turbo,Ngenyilel,Uasin Gishu
Turbo,Tapsagoi,Uasin Gishu
Turbo,Kamagut,Uasin Gishu
Turbo,Kiplombe,Uasin Gishu
Turbo,Kapsaos,Uasin Gishu
Turbo,Huruma,Uasin Gishu
Moiben,Tembelio,Uasin Gishu
Moiben,Sergoit,Uasin Gishu
Moiben,Karuna/Meibeki,Uasin Gishu
Moiben,Moiben,Uasin Gishu
Moiben,Kimumu,Uasin Gishu
Ainabkoi,Kapsoya,Uasin Gishu
Ainabkoi,Kaptagat,Uasin Gishu
Ainabkoi,Ainabkoi/Olare,Uasin Gishu
Kapseret,Simat/Kapseret,Uasin Gishu
Kapseret,Kipkenyo,Uasin Gishu
Kapseret,Ngeria,Uasin Gishu
Kapseret,Megun,Uasin Gishu
Kapseret,Langas,Uasin Gishu
Kesses,Racecourse,Uasin Gishu
Kesses,Cheptiret/Kipchamo,Uasin Gishu
Kesses,Tulwet/Chuiyat,Uasin Gishu
Kesses,Tarakwa,Uasin Gishu
Marakwet East,Kapyego,Elgeyo/Marakwet
Marakwet East,Sambirir,Elgeyo/Marakwet
Marakwet East,Endo,Elgeyo/Marakwet
Marakwet East,Embobut / Embulot,Elgeyo/Marakwet
Marakwet West,Lelan,Elgeyo/Marakwet
Marakwet West,Sengwer,Elgeyo/Marakwet
Marakwet West,CherangAny/Chebororwa,Elgeyo/Marakwet
Marakwet West,Moiben/Kuserwo,Elgeyo/Marakwet
Marakwet West,Kapsowar,Elgeyo/Marakwet
Marakwet West,Arror,Elgeyo/Marakwet
Keiyo North,Emsoo,Elgeyo/Marakwet
Keiyo North,Kamariny,Elgeyo/Marakwet
Keiyo North,Kapchemutwa,Elgeyo/Marakwet
Keiyo North,Tambach,Elgeyo/Marakwet
Keiyo South,Kaptarakwa,Elgeyo/Marakwet
Keiyo South,Chepkorio,Elgeyo/Marakwet
Keiyo South,Soy North,Elgeyo/Marakwet
Keiyo South,Soy South,Elgeyo/Marakwet
Keiyo South,Kabiemit,Elgeyo/Marakwet
Keiyo South,Metkei,Elgeyo/Marakwet
Tinderet,Songhor/Soba,Nandi
Tinderet,Tindiret,Nandi
Tinderet,Chemelil/Chemase,Nandi
Tinderet,Kapsimotwo,Nandi
Aldai,Kabwareng,Nandi
Aldai,Terik,Nandi
Aldai,Kemeloi Maraba,Nandi
Aldai,Kobujoi,Nandi
Aldai,Kaptumo Kaboi,Nandi
Aldai,Koyo Ndurio,Nandi
Nandi Hills,Nandi Hills,Nandi
Nandi Hills,Chepkunyuk,Nandi
Nandi Hills,OlLessos,Nandi
Nandi Hills,Kapchorua,Nandi
Chesumei,Chemundu/KapngEtuny,Nandi
Chesumei,Kosirai,Nandi
Chesumei,Lelmokwo/Ngechek,Nandi
Chesumei,Kaptel/Kamoiywo,Nandi
Chesumei,Kiptuya,Nandi
Emgwen,Chepkumia,Nandi
Emgwen,Kapkangani,Nandi
Emgwen,Kapsabet,Nandi
Emgwen,Kilibwoni,Nandi
Mosop,Chepterwai,Nandi
Mosop,Kipkaren,Nandi
Mosop,Kurgung/Surungai,Nandi
Mosop,Kabiyet,Nandi
Mosop,Ndalat,Nandi
Mosop,Kabisaga,Nandi
Mosop,Sangalo/Kebulonik,Nandi
Tiaty,Tirioko,Baringo
Tiaty,Kolowa,Baringo
Tiaty,Ribkwo,Baringo
Tiaty,Silale,Baringo
Tiaty,Loiyamorock,Baringo
Tiaty,Tangulbei/Korossi,Baringo
Tiaty,Churo/Amaya,Baringo
Baringo North,Barwessa,Baringo
Baringo North,Kabartonjo,Baringo
Baringo North,Saimo/Kipsaraman,Baringo
Baringo North,Saimo/Soi,Baringo
Baringo North,Bartabwa,Baringo
Baringo Central,Kabarnet,Baringo
Baringo Central,Sacho,Baringo
Baringo Central,Tenges,Baringo
Baringo Central,Ewalel Chapchap,Baringo
Baringo Central,Kapropita,Baringo
Baringo South,Marigat,Baringo
Baringo South,Ilchamus,Baringo
Baringo South,Mochongoi,Baringo
Baringo South,Mukutani,Baringo
Mogotio,Mogotio,Baringo
Mogotio,Emining,Baringo
Mogotio,Kisanana,Baringo
Eldama Ravine,Lembus,Baringo
Eldama Ravine,Lembus Kwen,Baringo
Eldama Ravine,Ravine,Baringo
Eldama Ravine,Mumberes/Maji Mazuri,Baringo
Eldama Ravine,Lembus/Perkerra,Baringo
Eldama Ravine,Koibatek,Baringo
Laikipia West,Olmoran,Laikipia
Laikipia West,Rumuruti Township,Laikipia
Laikipia West,Kinamba,Laikipia
Laikipia West,Marmanet,Laikipia
Laikipia West,Igwamiti,Laikipia
Laikipia West,Salama,Laikipia
Laikipia East,Ngobit,Laikipia
Laikipia East,Tigithi,Laikipia
Laikipia East,Thingithu,Laikipia
Laikipia East,Nanyuki,Laikipia
Laikipia East,Umande,Laikipia
Laikipia North,Sosian,Laikipia
Laikipia North,Segera,Laikipia
Laikipia North,Mukogondo West,Laikipia
Laikipia North,Mukogondo East,Laikipia
Molo,Mariashoni,Nakuru
Molo,Elburgon,Nakuru
Molo,Turi,Nakuru
Molo,Molo,Nakuru
Njoro,Maunarok,Nakuru
Njoro,Mauche,Nakuru
Njoro,Kihingo,Nakuru
Njoro,Nessuit,Nakuru
Njoro,Lare,Nakuru
Njoro,Njoro,Nakuru
Naivasha,Biashara,Nakuru
Naivasha,Hells Gate,Nakuru
Naivasha,Lakeview,Nakuru
Naivasha,Maai Mahiu,Nakuru
Naivasha,Maiella,Nakuru
Naivasha,Olkaria,Nakuru
Naivasha,Naivasha East,Nakuru
Naivasha,Viwandani,Nakuru
Gilgil,Gilgil,Nakuru
Gilgil,Elementaita,Nakuru
Gilgil,Mbaruk/Eburu,Nakuru
Gilgil,Malewa West,Nakuru
Gilgil,Murindati,Nakuru
Kuresoi South,Amalo,Nakuru
Kuresoi South,Keringet,Nakuru
Kuresoi South,Kiptagich,Nakuru
Kuresoi South,Tinet,Nakuru
Kuresoi North,Kiptororo,Nakuru
Kuresoi North,Nyota,Nakuru
Kuresoi North,Sirikwa,Nakuru
Kuresoi North,Kamara,Nakuru
Subukia,Subukia,Nakuru
Subukia,Waseges,Nakuru
Subukia,Kabazi,Nakuru
Rongai,Menengai West,Nakuru
Rongai,Soin,Nakuru
Rongai,Visoi,Nakuru
Rongai,Mosop,Nakuru
Rongai,Solai,Nakuru
Bahati,Dundori,Nakuru
Bahati,Kabatini,Nakuru
Bahati,Kiamaina,Nakuru
Bahati,Lanet/Umoja,Nakuru
Bahati,Bahati,Nakuru
Nakuru Town West,Barut,Nakuru
Nakuru Town West,London,Nakuru
Nakuru Town West,Kaptembwo,Nakuru
Nakuru Town West,Kapkures,Nakuru
Nakuru Town West,Rhoda,Nakuru
Nakuru Town West,Shaabab,Nakuru
Nakuru Town East,Biashara,Nakuru
Nakuru Town East,Kivumbini,Nakuru
Nakuru Town East,Flamingo,Nakuru
Nakuru Town East,Menengai,Nakuru
Nakuru Town East,Nakuru East,Nakuru
Kilgoris,Kilgoris Central,Narok
Kilgoris,Keyian,Narok
Kilgoris,Angata Barikoi,Narok
Kilgoris,Shankoe,Narok
Kilgoris,Kimintet,Narok
Kilgoris,Lolgorian,Narok
Emurua Dikirr,Ilkerin,Narok
Emurua Dikirr,Ololmasani,Narok
Emurua Dikirr,Mogondo,Narok
Emurua Dikirr,Kapsasian,Narok
Narok North,Olpusimoru,Narok
Narok North,Olokurto,Narok
Narok North,Narok Town,Narok
Narok North,Nkareta,Narok
Narok North,Olorropil,Narok
Narok North,Melili,Narok
Narok East,Mosiro,Narok
Narok East,Ildamat,Narok
Narok East,Keekonyokie,Narok
Narok East,Suswa,Narok
Narok South,Majimoto/Naroosura,Narok
Narok South,OlolulungA,Narok
Narok South,Melelo,Narok
Narok South,Loita,Narok
Narok South,Sogoo,Narok
Narok South,Sagamian,Narok
Narok West,Ilmotiok,Narok
Narok West,Mara,Narok
Narok West,Siana,Narok
Narok West,Naikarra,Narok
Kajiado North,Olkeri,Kajiado
Kajiado North,Ongata Rongai,Kajiado
Kajiado North,Nkaimurunya,Kajiado
Kajiado North,Oloolua,Kajiado
Kajiado North,Ngong,Kajiado
Kajiado Central,Purko,Kajiado
Kajiado Central,Ildamat,Kajiado
Kajiado Central,Dalalekutuk,Kajiado
Kajiado Central,Matapato North,Kajiado
Kajiado Central,Matapato South,Kajiado
Kajiado East,Kaputiei North,Kajiado
Kajiado East,Kitengela,Kajiado
Kajiado East,Oloosirkon/Sholinke,Kajiado
Kajiado East,Kenyawa Poka,Kajiado
Kajiado East,Imaroro,Kajiado
Kajiado West,Keekonyokie,Kajiado
Kajiado West,Iloodokilani,Kajiado
Kajiado West,Magadi,Kajiado
Kajiado West,Ewuaso OonkidongI,Kajiado
Kajiado West,Mosiro,Kajiado
Kajiado South,Entonet/Lenkisim,Kajiado
Kajiado South,Mbirikani/Eselenkei,Kajiado
Kajiado South,Kuku,Kajiado
Kajiado South,Rombo,Kajiado
Kajiado South,Kimana,Kajiado
Kipkelion East,Londiani,Kericho
Kipkelion East,Kedowa/Kimugul,Kericho
Kipkelion East,Chepseon,Kericho
Kipkelion East,Tendeno/Sorget,Kericho
Kipkelion West,Kunyak,Kericho
Kipkelion West,Kamasian,Kericho
Kipkelion West,Kipkelion,Kericho
Kipkelion West,Chilchila,Kericho
Ainamoi,Kapsoit,Kericho
Ainamoi,Ainamoi,Kericho
Ainamoi,Kapkugerwet,Kericho
Ainamoi,Kipchebor,Kericho
Ainamoi,Kipchimchim,Kericho
Ainamoi,Kapsaos,Kericho
Bureti,Kisiara,Kericho
Bureti,Tebesonik,Kericho
Bureti,Cheboin,Kericho
Bureti,Chemosot,Kericho
Bureti,Litein,Kericho
Bureti,Cheplanget,Kericho
Bureti,Kapkatet,Kericho
Belgut,Waldai,Kericho
Belgut,Kabianga,Kericho
Belgut,Cheptororiet/Seretut,Kericho
Belgut,Chaik,Kericho
Belgut,Kapsuser,Kericho
Sigowet/Soin,Sigowet,Kericho
Sigowet/Soin,Kaplelartet,Kericho
Sigowet/Soin,Soliat,Kericho
Sigowet/Soin,Soin,Kericho
Sotik,Ndanai/Abosi,Bomet
Sotik,Chemagel,Bomet
Sotik,Kipsonoi,Bomet
Sotik,Kapletundo,Bomet
Sotik,Rongena/Manaret,Bomet
Chepalungu,KongAsis,Bomet
Chepalungu,Nyangores,Bomet
Chepalungu,Sigor,Bomet
Chepalungu,Chebunyo,Bomet
Chepalungu,Siongiroi,Bomet
Bomet East,Merigi,Bomet
Bomet East,Kembu,Bomet
Bomet East,Longisa,Bomet
Bomet East,Kipreres,Bomet
Bomet East,Chemaner,Bomet
Bomet Central,Silibwet Township,Bomet
Bomet Central,Ndaraweta,Bomet
Bomet Central,Singorwet,Bomet
Bomet Central,Chesoen,Bomet
Bomet Central,Mutarakwa,Bomet
Konoin,Chepchabas,Bomet
Konoin,Kimulot,Bomet
Konoin,Mogogosiek,Bomet
Konoin,Boito,Bomet
Konoin,Embomos,Bomet
Lugari,Mautuma,Kakamega
Lugari,Lugari,Kakamega
Lugari,Lumakanda,Kakamega
Lugari,Chekalini,Kakamega
Lugari,Chevaywa,Kakamega
Lugari,Lwandeti,Kakamega
Likuyani,Likuyani,Kakamega
Likuyani,Sango,Kakamega
Likuyani,Kongoni,Kakamega
Likuyani,Nzoia,Kakamega
Likuyani,Sinoko,Kakamega
Malava,West Kabras,Kakamega
Malava,Chemuche,Kakamega
Malava,East Kabras,Kakamega
Malava,Butali/Chegulo,Kakamega
Malava,Manda Shivanga,Kakamega
Malava,Shirugu Mugai,Kakamega
Malava,South Kabras,Kakamega
Lurambi,Butsotso East,Kakamega
Lurambi,Butsotso South,Kakamega
Lurambi,Butsotso Central,Kakamega
Lurambi,Sheywe,Kakamega
Lurambi,Mahiakalo,Kakamega
Lurambi,Shirere,Kakamega
Navakholo,Ingostse Mathia,Kakamega
Navakholo,Shinoyi Shikomari,Kakamega
Navakholo,Bunyala West,Kakamega
Navakholo,Bunyala East,Kakamega
Navakholo,Bunyala Central,Kakamega
Mumias West,Mumias Central,Kakamega
Mumias West,Mumias North,Kakamega
Mumias West,Etenje,Kakamega
Mumias West,Musanda,Kakamega
Mumias East,Lubinu/Lusheya,Kakamega
Mumias East,Isongo/Makunga/Malaha,Kakamega
Mumias East,East Wanga,Kakamega
Matungu,Koyonzo,Kakamega
Matungu,Kholera,Kakamega
Matungu,Khalaba,Kakamega
Matungu,Mayoni,Kakamega
Matungu,Namamali,Kakamega
Butere,Marama West,Kakamega
Butere,Marama Central,Kakamega
Butere,Marenyo Shianda,Kakamega
Butere,Marama North,Kakamega
Butere,Marama South,Kakamega
Khwisero,Kisa North,Kakamega
Khwisero,Kisa East,Kakamega
Khwisero,Kisa West,Kakamega
Khwisero,Kisa Central,Kakamega
Shinyalu,Isukha North,Kakamega
Shinyalu,Murhanda,Kakamega
Shinyalu,Isukha Central,Kakamega
Shinyalu,Isukha South,Kakamega
Shinyalu,Isukha East,Kakamega
Shinyalu,Isukha West,Kakamega
Ikolomani,Idakho South,Kakamega
Ikolomani,Idakho East,Kakamega
Ikolomani,Idakho North,Kakamega
Ikolomani,Idakho Central,Kakamega
Vihiga,Lugaga Wamuluma,Vihiga
Vihiga,South Maragoli,Vihiga
Vihiga,Central Maragoli,Vihiga
Vihiga,Mungoma,Vihiga
Sabatia,Lyaduywa/Izava,Vihiga
Sabatia,West Sabatia,Vihiga
Sabatia,Chavakali,Vihiga
Sabatia,North Maragoli,Vihiga
Sabatia,Wodanga,Vihiga
Sabatia,Busali,Vihiga
Hamisi,Shiru,Vihiga
Hamisi,Muhudu,Vihiga
Hamisi,Shamakhokho,Vihiga
Hamisi,Gisambai,Vihiga
Hamisi,Banja,Vihiga
Hamisi,Tambua,Vihiga
Hamisi,Jepkoyai,Vihiga
Luanda,Luanda Township,Vihiga
Luanda,Wemilabi,Vihiga
Luanda,Mwibona,Vihiga
Luanda,Luanda South,Vihiga
Luanda,Emabungo,Vihiga
Emuhaya,North East Bunyore,Vihiga
Emuhaya,Central Bunyore,Vihiga
Emuhaya,West Bunyore,Vihiga
Mt.Elgon,Cheptais,Bungoma
Mt.Elgon,Chesikaki,Bungoma
Mt.Elgon,Chepyuk,Bungoma
Mt.Elgon,Kapkateny,Bungoma
Mt.Elgon,Kaptama,Bungoma
Mt.Elgon,Elgon,Bungoma
Sirisia,Namwela,Bungoma
Sirisia,Malakisi/South Kulisiru,Bungoma
Sirisia,Lwandanyi,Bungoma
Kabuchai,Kabuchai/Chwele,Bungoma
Kabuchai,West Nalondo,Bungoma
Kabuchai,Bwake/Luuya,Bungoma
Kabuchai,Mukuyuni,Bungoma
Bumula,South Bukusu,Bungoma
Bumula,Bumula,Bungoma
Bumula,Khasoko,Bungoma
Bumula,Kabula,Bungoma
Bumula,Kimaeti,Bungoma
Bumula,West Bukusu,Bungoma
Bumula,Siboti,Bungoma
Kanduyi,Bukembe West,Bungoma
Kanduyi,Bukembe East,Bungoma
Kanduyi,Township,Bungoma
Kanduyi,Khalaba,Bungoma
Kanduyi,Musikoma,Bungoma
Kanduyi,East SangAlo,Bungoma
Kanduyi,Marakaru/Tuuti,Bungoma
Kanduyi,SangAlo West,Bungoma
Webuye East,Mihuu,Bungoma
Webuye East,Ndivisi,Bungoma
Webuye East,Maraka,Bungoma
Webuye West,Misikhu,Bungoma
Webuye West,Sitikho,Bungoma
Webuye West,Matulo,Bungoma
Webuye West,Bokoli,Bungoma
Kimilili,Kimilili,Bungoma
Kimilili,Kibingei,Bungoma
Kimilili,Maeni,Bungoma
Kimilili,Kamukuywa,Bungoma
Tongaren,Mbakalo,Bungoma
Tongaren,Naitiri/Kabuyefwe,Bungoma
Tongaren,Milima,Bungoma
Tongaren,Ndalu/ Tabani,Bungoma
Tongaren,Tongaren,Bungoma
Tongaren,Soysambu/ Mitua,Bungoma
Teso North,Malaba Central,Busia
Teso North,Malaba North,Busia
Teso North,AngUrai South,Busia
Teso North,AngUrai North,Busia
Teso North,AngUrai East,Busia
Teso North,Malaba South,Busia
Teso South,AngOrom,Busia
Teso South,Chakol South,Busia
Teso South,Chakol North,Busia
Teso South,Amukura West,Busia
Teso South,Amukura East,Busia
Teso South,Amukura Central,Busia
Nambale,Nambale Township,Busia
Nambale,Bukhayo North/Waltsi,Busia
Nambale,Bukhayo East,Busia
Nambale,Bukhayo Central,Busia
Matayos,Bukhayo West,Busia
Matayos,Mayenje,Busia
Matayos,Matayos South,Busia
Matayos,Busibwabo,Busia
Matayos,Burumba,Busia
Butula,Marachi West,Busia
Butula,Kingandole,Busia
Butula,Marachi Central,Busia
Butula,Marachi East,Busia
Butula,Marachi North,Busia
Butula,Elugulu,Busia
Funyula,Namboboto Nambuku,Busia
Funyula,Nangina,Busia
Funyula,AgengA Nanguba,Busia
Funyula,Bwiri,Busia
Budalangi,Bunyala Central,Busia
Budalangi,Bunyala North,Busia
Budalangi,Bunyala West,Busia
Budalangi,Bunyala South,Busia
Ugenya,West Ugenya,Siaya
Ugenya,Ukwala,Siaya
Ugenya,North Ugenya,Siaya
Ugenya,East Ugenya,Siaya
Ugunja,Sidindi,Siaya
Ugunja,Sigomere,Siaya
Ugunja,Ugunja,Siaya
Alego Usonga,Usonga,Siaya
Alego Usonga,West Alego,Siaya
Alego Usonga,Central Alego,Siaya
Alego Usonga,Siaya Township,Siaya
Alego Usonga,North Alego,Siaya
Alego Usonga,South East Alego,Siaya
Gem,North Gem,Siaya
Gem,West Gem,Siaya
Gem,Central Gem,Siaya
Gem,Yala Township,Siaya
Gem,East Gem,Siaya
Gem,South Gem,Siaya
Bondo,West Yimbo,Siaya
Bondo,Central Sakwa,Siaya
Bondo,South Sakwa,Siaya
Bondo,Yimbo East,Siaya
Bondo,West Sakwa,Siaya
Bondo,North Sakwa,Siaya
Rarieda,East Asembo,Siaya
Rarieda,West Asembo,Siaya
Rarieda,North Uyoma,Siaya
Rarieda,South Uyoma,Siaya
Rarieda,West Uyoma,Siaya
Kisumu East,Kajulu,Kisumu
Kisumu East,Kolwa East,Kisumu
Kisumu East,Manyatta B,Kisumu
Kisumu East,Nyalenda A,Kisumu
Kisumu East,Kolwa Central,Kisumu
Kisumu West,South West Kisumu,Kisumu
Kisumu West,Central Kisumu,Kisumu
Kisumu West,Kisumu North,Kisumu
Kisumu West,West Kisumu,Kisumu
Kisumu West,North West Kisumu,Kisumu
Kisumu Central,Railways,Kisumu
Kisumu Central,Migosi,Kisumu
Kisumu Central,Shaurimoyo Kaloleni,Kisumu
Kisumu Central,Market Milimani,Kisumu
Kisumu Central,Kondele,Kisumu
Kisumu Central,Nyalenda B,Kisumu
Seme,West Seme,Kisumu
Seme,Central Seme,Kisumu
Seme,East Seme,Kisumu
Seme,North Seme,Kisumu
Nyando,East Kano/Wawidhi,Kisumu
Nyando,Awasi/Onjiko,Kisumu
Nyando,Ahero,Kisumu
Nyando,Kabonyo/Kanyagwal,Kisumu
Nyando,Kobura,Kisumu
Muhoroni,Miwani,Kisumu
Muhoroni,Ombeyi,Kisumu
Muhoroni,Masogo/Nyang'oma,Kisumu
Muhoroni,Chemelil,Kisumu
Muhoroni,Muhoroni/Koru,Kisumu
Nyakach,South West Nyakach,Kisumu
Nyakach,North Nyakach,Kisumu
Nyakach,Central Nyakach,Kisumu
Nyakach,West Nyakach,Kisumu
Nyakach,South East Nyakach,Kisumu
Kasipul,West Kasipul,Homa Bay
Kasipul,South Kasipul,Homa Bay
Kasipul,Central Kasipul,Homa Bay
Kasipul,East Kamagak,Homa Bay
Kasipul,West Kamagak,Homa Bay
Kabondo Kasipul,Kabondo East,Homa Bay
Kabondo Kasipul,Kabondo West,Homa Bay
Kabondo Kasipul,Kokwanyo/Kakelo,Homa Bay
Kabondo Kasipul,Kojwach,Homa Bay
Karachuonyo,West Karachuonyo,Homa Bay
Karachuonyo,North Karachuonyo,Homa Bay
Karachuonyo,Central Karachuonyo,Homa Bay
Karachuonyo,Kanyaluo,Homa Bay
Karachuonyo,Kibiri,Homa Bay
Karachuonyo,Wangchieng,Homa Bay
Karachuonyo,Kendu Bay Town,Homa Bay
Rangwe,West Gem,Homa Bay
Rangwe,East Gem,Homa Bay
Rangwe,Kagan,Homa Bay
Rangwe,Kochia,Homa Bay
Homa Bay Town,Homa Bay Central,Homa Bay
Homa Bay Town,Homa Bay Arujo,Homa Bay
Homa Bay Town,Homa Bay West,Homa Bay
Homa Bay Town,Homa Bay East,Homa Bay
Ndhiwa,Kwabwai,Homa Bay
Ndhiwa,Kanyadoto,Homa Bay
Ndhiwa,Kanyikela,Homa Bay
Ndhiwa,North Kabuoch,Homa Bay
Ndhiwa,Kabuoch South/Pala,Homa Bay
Ndhiwa,Kanyamwa Kologi,Homa Bay
Ndhiwa,Kanyamwa Kosewe,Homa Bay
Mbita,Mfangano Island,Homa Bay
Mbita,Rusinga Island,Homa Bay
Mbita,Kasgunga,Homa Bay
Mbita,Gembe,Homa Bay
Mbita,Lambwe,Homa Bay
Suba,Gwassi South,Homa Bay
Suba,Gwassi North,Homa Bay
Suba,Kaksingri West,Homa Bay
Suba,Ruma Kaksingri East,Homa Bay
Rongo,North Kamagambo,Migori
Rongo,Central Kamagambo,Migori
Rongo,East Kamagambo,Migori
Rongo,South Kamagambo,Migori
Awendo,North Sakwa,Migori
Awendo,South Sakwa,Migori
Awendo,West Sakwa,Migori
Awendo,Central Sakwa,Migori
Suna East,God Jope,Migori
Suna East,Suna Central,Migori
Suna East,Kakrao,Migori
Suna East,Kwa,Migori
Suna West,Wiga,Migori
Suna West,Wasweta Ii,Migori
Suna West,Ragana Oruba,Migori
Suna West,Wasimbete,Migori
Uriri,West Kanyamkago,Migori
Uriri,North Kanyamkago,Migori
Uriri,Central Kanyamkago,Migori
Uriri,South Kanyamkago,Migori
Uriri,East Kanyamkago,Migori
Nyatike,KachienG,Migori
Nyatike,Kanyasa,Migori
Nyatike,North Kadem,Migori
Nyatike,Macalder/Kanyarwanda,Migori
Nyatike,Kaler,Migori
Nyatike,Got Kachola,Migori
Nyatike,Muhuru,Migori
Kuria West,Bukira East,Migori
Kuria West,Bukira Centrl/Ikerege,Migori
Kuria West,Isibania,Migori
Kuria West,Makerero,Migori
Kuria West,Masaba,Migori
Kuria West,Tagare,Migori
Kuria West,Nyamosense/Komosoko,Migori
Kuria East,Gokeharaka/Getambwega,Migori
Kuria East,Ntimaru West,Migori
Kuria East,Ntimaru East,Migori
Kuria East,Nyabasi East,Migori
Kuria East,Nyabasi West,Migori
Bonchari,Bomariba,Kisii
Bonchari,Bogiakumu,Kisii
Bonchari,Bomorenda,Kisii
Bonchari,Riana,Kisii
South Mugirango,Tabaka,Kisii
South Mugirango,Boikanga,Kisii
South Mugirango,Bogetenga,Kisii
South Mugirango,Borabu / Chitago,Kisii
South Mugirango,Moticho,Kisii
South Mugirango,Getenga,Kisii
Bomachoge Borabu,Bombaba Borabu,Kisii
Bomachoge Borabu,Boochi Borabu,Kisii
Bomachoge Borabu,Bokimonge,Kisii
Bomachoge Borabu,Magenche,Kisii
Bobasi,Masige West,Kisii
Bobasi,Masige East,Kisii
Bobasi,Bobasi Central,Kisii
Bobasi,Nyacheki,Kisii
Bobasi,Bobasi Bogetaorio,Kisii
Bobasi,Bobasi Chache,Kisii
Bobasi,Sameta/Mokwerero,Kisii
Bobasi,Bobasi Boitangare,Kisii
Bomachoge Chache,Majoge,Kisii
Bomachoge Chache,Boochi/Tendere,Kisii
Bomachoge Chache,Bosoti/Sengera,Kisii
Nyaribari Masaba,Ichuni,Kisii
Nyaribari Masaba,Nyamasibi,Kisii
Nyaribari Masaba,Masimba,Kisii
Nyaribari Masaba,Gesusu,Kisii
Nyaribari Masaba,Kiamokama,Kisii
Nyaribari Chache,Bobaracho,Kisii
Nyaribari Chache,Kisii Central,Kisii
Nyaribari Chache,Keumbu,Kisii
Nyaribari Chache,Kiogoro,Kisii
Nyaribari Chache,Birongo,Kisii
Nyaribari Chache,Ibeno,Kisii
Kitutu Chache North,Monyerero,Kisii
Kitutu Chache North,Sensi,Kisii
Kitutu Chache North,Marani,Kisii
Kitutu Chache North,Kegogi,Kisii
Kitutu Chache South,Bogusero,Kisii
Kitutu Chache South,Bogeka,Kisii
Kitutu Chache South,Nyakoe,Kisii
Kitutu Chache South,Kitutu Central,Kisii
Kitutu Chache South,Nyatieko,Kisii
Kitutu Masaba,Rigoma,Nyamira
Kitutu Masaba,Gachuba,Nyamira
Kitutu Masaba,Kemera,Nyamira
Kitutu Masaba,Magombo,Nyamira
Kitutu Masaba,Manga,Nyamira
Kitutu Masaba,Gesima,Nyamira
West Mugirango,Nyamaiya,Nyamira
West Mugirango,Bogichora,Nyamira
West Mugirango,Bosamaro,Nyamira
West Mugirango,Bonyamatuta,Nyamira
West Mugirango,Township,Nyamira
North Mugirango,Itibo,Nyamira
North Mugirango,Bomwagamo,Nyamira
North Mugirango,Bokeira,Nyamira
North Mugirango,Magwagwa,Nyamira
North Mugirango,Ekerenyo,Nyamira
Borabu,Mekenene,Nyamira
Borabu,Kiabonyoru,Nyamira
Borabu,Nyansiongo,Nyamira
Borabu,Esise,Nyamira
Westlands,Kitisuru,Nairobi
Westlands,Parklands/Highridge,Nairobi
Westlands,Karura,Nairobi
Westlands,Kangemi,Nairobi
Westlands,Mountain View,Nairobi
Dagoretti North,Kilimani,Nairobi
Dagoretti North,Kawangware,Nairobi
Dagoretti North,Gatina,Nairobi
Dagoretti North,Kileleshwa,Nairobi
Dagoretti North,Kabiro,Nairobi
Dagoretti South,Mutuini,Nairobi
Dagoretti South,Ngando,Nairobi
Dagoretti South,Riruta,Nairobi
Dagoretti South,Uthiru/Ruthimitu,Nairobi
Dagoretti South,Waithaka,Nairobi
Langata,Karen,Nairobi
Langata,Nairobi West,Nairobi
Langata,Mugumo Ini,Nairobi
Langata,South C,Nairobi
Langata,Nyayo Highrise,Nairobi
Kibra,Laini Saba,Nairobi
Kibra,Lindi,Nairobi
Kibra,Makina,Nairobi
Kibra,Woodley/Kenyatta Golf,Nairobi
Kibra,Sarangombe,Nairobi
Roysambu,Githurai,Nairobi
Roysambu,Kahawa West,Nairobi
Roysambu,Zimmerman,Nairobi
Roysambu,Roysambu,Nairobi
Roysambu,Kahawa,Nairobi
Kasarani,Claycity,Nairobi
Kasarani,Mwiki,Nairobi
Kasarani,Kasarani,Nairobi
Kasarani,Njiru,Nairobi
Kasarani,Ruai,Nairobi
Ruaraka,Baba Dogo,Nairobi
Ruaraka,Utalii,Nairobi
Ruaraka,Mathare North,Nairobi
Ruaraka,Lucky Summer,Nairobi
Ruaraka,Korogocho,Nairobi
Embakasi South,Imara Daima,Nairobi
Embakasi South,Kwa Njenga,Nairobi
Embakasi South,Kwa Reuben,Nairobi
Embakasi South,Pipeline,Nairobi
Embakasi South,Kware,Nairobi
Embakasi North,Kariobangi North,Nairobi
Embakasi North,Dandora Area I,Nairobi
Embakasi North,Dandora Area II,Nairobi
Embakasi North,Dandora Area III,Nairobi
Embakasi North,Dandora Area IV/V,Nairobi
Embakasi Central,Kayole North,Nairobi
Embakasi Central,Kayole Central,Nairobi
Embakasi Central,Kayole South,Nairobi
Embakasi Central,Komarock,Nairobi
Embakasi Central,Matopeni,Nairobi
Embakasi East,Upper Savannah,Nairobi
Embakasi East,Lower Savannah,Nairobi
Embakasi East,Embakasi,Nairobi
Embakasi East,Utawala,Nairobi
Embakasi East,Mihango,Nairobi
Embakasi West,Umoja I,Nairobi
Embakasi West,Umoja II,Nairobi
Embakasi West,Mowlem,Nairobi
Embakasi West,Kariobangi South,Nairobi
Makadara,Makongeni,Nairobi
Makadara,Maringo/Hamza,Nairobi
Makadara,Harambee,Nairobi
Makadara,Viwandani,Nairobi
Kamukunji,Pumwani,Nairobi
Kamukunji,Eastleigh North,Nairobi
Kamukunji,Eastleigh South,Nairobi
Kamukunji,Airbase,Nairobi
Kamukunji,California,Nairobi
Starehe,Nairobi Central,Nairobi
Starehe,Ngara,Nairobi
Starehe,Ziwani/Kariokor,Nairobi
Starehe,Pangani,Nairobi
Starehe,Landimawe,Nairobi
Starehe,Nairobi South,Nairobi
Mathare,Hospital,Nairobi
Mathare,Mabatini,Nairobi
Mathare,Huruma,Nairobi
Mathare,Ngei,Nairobi
Mathare,Mlango Kubwa,Nairobi
Mathare,Kiamaiko,Nairobi
Embakasi West,Umoja III,Nairobi
